2026-07-09_17-52-34,33,main.go:2026-07-09_17-52-34
2026-07-09_17-53-58,33,main.go:2026-07-09_17-52-34
2026-07-09_17-57-47,33,main.go:2026-07-09_17-52-34
2026-07-09_17-58-01,---,main.go:2026-07-09_17-52-34
2026-07-09_18-00-50,33,main.go:2026-07-09_18-00-50
2026-07-09_18-02-40,33,main.go:2026-07-09_18-02-40
2026-07-09_18-04-54,33,main.go:2026-07-09_18-04-54
2026-07-09_18-05-46,33,main.go:2026-07-09_18-04-54
2026-07-09_18-06-23,33,main.go:2026-07-09_18-04-54
2026-07-09_18-08-28,33,main.go:2026-07-09_18-08-28
2026-07-09_18-08-29,33,main.go:2026-07-09_18-08-28
2026-07-09_18-11-25,33,main.go:2026-07-09_18-08-28
2026-07-09_18-11-29,0,main.go:2026-07-09_18-11-29
2026-07-10_15-17-28,0,main.go:2026-07-09_18-11-29
2026-07-10_15-19-58,33,main.go:2026-07-10_15-19-58
2026-07-10_15-21-01,33,main.go:2026-07-10_15-21-01
2026-07-10_15-23-12,33,main.go:2026-07-10_15-23-12
2026-07-10_15-25-45,33,main.go:2026-07-10_15-25-45
2026-07-10_15-26-52,33,main.go:2026-07-10_15-26-52
2026-07-10_15-27-09,33,main.go:2026-07-10_15-26-52
2026-07-10_15-27-09,33,main.go:2026-07-10_15-26-52
2026-07-10_15-27-18,33,main.go:2026-07-10_15-26-52
2026-07-10_15-29-44,33,main.go:2026-07-10_15-29-44
2026-07-10_15-32-01,100,main.go:2026-07-10_15-32-01
