2026-06-15_14-29-56,0,main.go:2026-06-15_14-29-56
2026-06-21_21-58-39,0,main.go:2026-06-15_14-29-56
2026-06-21_22-15-46,0,main.go:2026-06-15_14-29-56
2026-06-21_22-20-05,0,main.go:2026-06-21_22-20-05
2026-06-21_22-21-50,0,main.go:2026-06-21_22-21-50
2026-06-21_22-23-33,0,main.go:2026-06-21_22-23-33
2026-06-22_13-55-08,0,main.go:2026-06-22_13-55-08
2026-06-22_14-00-25,0,main.go:2026-06-22_14-00-25
2026-06-22_14-01-51,0,main.go:2026-06-22_14-00-25
2026-06-22_14-02-09,---,main.go:2026-06-22_14-00-25
2026-06-22_14-08-59,0,main.go:2026-06-22_14-08-59
2026-06-22_14-09-04,0,main.go:2026-06-22_14-08-59
2026-06-22_14-12-46,0,main.go:2026-06-22_14-12-46
2026-06-22_14-16-19,0,main.go:2026-06-22_14-16-19
2026-06-22_14-17-06,0,main.go:2026-06-22_14-17-06
2026-06-22_14-17-57,0,main.go:2026-06-22_14-17-57
2026-06-22_14-25-45,0,main.go:2026-06-22_14-17-57
2026-06-22_14-26-14,0,main.go:2026-06-22_14-17-57
2026-06-22_14-32-24,0,main.go:2026-06-22_14-32-24
2026-06-22_14-34-28,0,main.go:2026-06-22_14-34-28
2026-06-22_14-34-54,0,main.go:2026-06-22_14-34-28
2026-06-22_14-36-14,0,main.go:2026-06-22_14-34-28
2026-06-22_14-38-59,0,main.go:2026-06-22_14-38-59
2026-06-22_14-39-21,0,main.go:2026-06-22_14-39-21
2026-06-22_14-39-28,0,main.go:2026-06-22_14-39-21
2026-06-22_14-39-50,0,main.go:2026-06-22_14-39-50
2026-06-22_14-40-39,0,main.go:2026-06-22_14-40-39
2026-06-22_14-40-50,0,main.go:2026-06-22_14-40-50
2026-06-22_14-41-45,0,main.go:2026-06-22_14-41-45
2026-06-22_14-42-40,0,main.go:2026-06-22_14-42-40
2026-06-22_14-43-31,0,main.go:2026-06-22_14-43-31
2026-06-22_14-45-19,0,main.go:2026-06-22_14-45-19
2026-06-22_14-45-37,0,main.go:2026-06-22_14-45-37
2026-06-22_14-45-49,0,main.go:2026-06-22_14-45-49
2026-06-22_14-49-03,0,main.go:2026-06-22_14-49-03
2026-06-22_14-49-17,20,main.go:2026-06-22_14-49-17
2026-06-22_14-56-03,20,main.go:2026-06-22_14-56-03
2026-06-22_15-01-36,20,main.go:2026-06-22_15-01-36
2026-06-22_15-02-01,20,main.go:2026-06-22_15-02-01
2026-06-22_15-02-38,20,main.go:2026-06-22_15-02-38
2026-06-22_15-02-56,20,main.go:2026-06-22_15-02-38
2026-06-22_15-03-02,20,main.go:2026-06-22_15-03-02
2026-06-22_20-08-34,20,main.go:2026-06-22_15-03-02
2026-06-22_20-11-38,20,main.go:2026-06-22_15-03-02
2026-06-22_20-14-38,20,main.go:2026-06-22_20-14-38
2026-06-22_20-15-17,20,main.go:2026-06-22_20-15-17
2026-06-22_20-15-48,20,main.go:2026-06-22_20-15-17
2026-06-22_20-17-29,20,main.go:2026-06-22_20-17-29
2026-06-22_20-17-44,20,main.go:2026-06-22_20-17-44
2026-06-22_20-21-34,40,main.go:2026-06-22_20-21-34
2026-06-22_20-22-12,40,main.go:2026-06-22_20-21-34
2026-06-22_20-31-01,60,main.go:2026-06-22_20-31-01
2026-06-22_20-33-11,60,main.go:2026-06-22_20-33-11
2026-06-22_20-35-58,60,main.go:2026-06-22_20-35-58
2026-06-22_20-37-33,60,main.go:2026-06-22_20-37-33
2026-06-22_20-39-29,60,main.go:2026-06-22_20-37-33
2026-06-22_20-40-35,60,main.go:2026-06-22_20-40-35
2026-06-22_20-40-51,60,main.go:2026-06-22_20-40-35
2026-06-22_20-40-54,80,main.go:2026-06-22_20-40-54
2026-06-22_20-45-22,100,main.go:2026-06-22_20-45-22
