2026-05-01_17-21-44,0,main.go:2026-05-01_17-21-44
2026-05-01_17-37-02,0,main.go:2026-05-01_17-21-44
2026-05-01_17-37-46,0,main.go:2026-05-01_17-21-44
2026-05-01_17-38-18,0,main.go:2026-05-01_17-21-44
2026-05-01_17-38-54,0,main.go:2026-05-01_17-21-44
2026-05-01_17-42-35,0,main.go:2026-05-01_17-21-44
2026-05-01_17-43-13,0,main.go:2026-05-01_17-21-44
2026-05-01_17-43-27,0,main.go:2026-05-01_17-21-44
2026-05-01_17-43-33,0,main.go:2026-05-01_17-21-44
2026-05-01_17-45-55,0,main.go:2026-05-01_17-21-44
2026-05-01_17-46-23,0,main.go:2026-05-01_17-21-44
2026-05-01_17-51-57,0,main.go:2026-05-01_17-21-44
2026-05-01_17-52-17,0,main.go:2026-05-01_17-21-44
2026-05-01_17-52-46,0,main.go:2026-05-01_17-21-44
2026-05-01_17-53-44,---,main.go:2026-05-01_17-21-44
