2026-07-07_09-24-26,25,main.go:2026-07-07_09-24-26;stack.go:2026-07-07_09-24-26
2026-07-07_09-28-25,25,main.go:2026-07-07_09-24-26;stack.go:2026-07-07_09-24-26
2026-07-07_09-28-30,25,main.go:2026-07-07_09-24-26;stack.go:2026-07-07_09-24-26
2026-07-07_09-31-59,75,main.go:2026-07-07_09-31-59;stack.go:2026-07-07_09-24-26
2026-07-07_09-32-13,25,main.go:2026-07-07_09-32-13;stack.go:2026-07-07_09-24-26
2026-07-07_09-35-04,25,main.go:2026-07-07_09-35-04;stack.go:2026-07-07_09-24-26
2026-07-07_09-35-23,0,main.go:2026-07-07_09-35-23;stack.go:2026-07-07_09-24-26
2026-07-07_09-37-01,25,main.go:2026-07-07_09-37-01;stack.go:2026-07-07_09-24-26
2026-07-07_09-38-20,25,main.go:2026-07-07_09-38-20;stack.go:2026-07-07_09-24-26
2026-07-07_09-44-20,25,main.go:2026-07-07_09-38-20;stack.go:2026-07-07_09-24-26
2026-07-07_09-45-42,25,main.go:2026-07-07_09-45-42;stack.go:2026-07-07_09-24-26
2026-07-07_09-45-56,25,main.go:2026-07-07_09-45-56;stack.go:2026-07-07_09-24-26
2026-07-07_09-47-30,0,main.go:2026-07-07_09-47-30;stack.go:2026-07-07_09-24-26
2026-07-07_16-29-28,0,main.go:2026-07-07_09-47-30;stack.go:2026-07-07_09-24-26
2026-07-07_16-33-37,25,main.go:2026-07-07_16-33-37;stack.go:2026-07-07_09-24-26
2026-07-07_16-36-15,25,main.go:2026-07-07_16-36-15;stack.go:2026-07-07_09-24-26
2026-07-07_16-37-15,25,main.go:2026-07-07_16-36-15;stack.go:2026-07-07_09-24-26
2026-07-07_16-39-16,25,main.go:2026-07-07_16-39-16;stack.go:2026-07-07_09-24-26
2026-07-07_16-40-47,25,main.go:2026-07-07_16-39-16;stack.go:2026-07-07_09-24-26
2026-07-07_16-42-38,25,main.go:2026-07-07_16-42-38;stack.go:2026-07-07_09-24-26
2026-07-07_16-42-50,25,main.go:2026-07-07_16-42-50;stack.go:2026-07-07_09-24-26
2026-07-07_16-46-24,25,main.go:2026-07-07_16-42-50;stack.go:2026-07-07_09-24-26
2026-07-07_16-48-49,25,main.go:2026-07-07_16-48-49;stack.go:2026-07-07_09-24-26
2026-07-07_16-48-49,25,main.go:2026-07-07_16-48-49;stack.go:2026-07-07_09-24-26
2026-07-07_16-48-49,25,main.go:2026-07-07_16-48-49;stack.go:2026-07-07_09-24-26
2026-07-07_16-51-26,25,main.go:2026-07-07_16-51-26;stack.go:2026-07-07_09-24-26
2026-07-07_16-53-05,25,main.go:2026-07-07_16-53-05;stack.go:2026-07-07_09-24-26
2026-07-07_16-54-54,50,main.go:2026-07-07_16-54-54;stack.go:2026-07-07_09-24-26
2026-07-07_16-56-04,50,main.go:2026-07-07_16-56-04;stack.go:2026-07-07_09-24-26
2026-07-07_16-57-28,50,main.go:2026-07-07_16-56-04;stack.go:2026-07-07_09-24-26
2026-07-07_17-00-31,50,main.go:2026-07-07_17-00-31;stack.go:2026-07-07_09-24-26
2026-07-07_17-02-57,50,main.go:2026-07-07_17-02-57;stack.go:2026-07-07_09-24-26
2026-07-07_17-03-11,50,main.go:2026-07-07_17-02-57;stack.go:2026-07-07_09-24-26
2026-07-07_17-03-23,50,main.go:2026-07-07_17-02-57;stack.go:2026-07-07_09-24-26
2026-07-07_17-03-46,50,main.go:2026-07-07_17-03-46;stack.go:2026-07-07_09-24-26
2026-07-07_17-04-47,50,main.go:2026-07-07_17-03-46;stack.go:2026-07-07_09-24-26
2026-07-07_17-04-57,50,main.go:2026-07-07_17-03-46;stack.go:2026-07-07_09-24-26
2026-07-07_17-05-16,50,main.go:2026-07-07_17-05-16;stack.go:2026-07-07_09-24-26
2026-07-07_17-05-49,50,main.go:2026-07-07_17-05-49;stack.go:2026-07-07_09-24-26
2026-07-07_17-06-02,50,main.go:2026-07-07_17-05-49;stack.go:2026-07-07_09-24-26
2026-07-07_17-06-49,50,main.go:2026-07-07_17-06-49;stack.go:2026-07-07_09-24-26
2026-07-07_17-07-22,75,main.go:2026-07-07_17-07-22;stack.go:2026-07-07_09-24-26
2026-07-07_17-07-40,75,main.go:2026-07-07_17-07-40;stack.go:2026-07-07_09-24-26
2026-07-07_17-10-40,100,main.go:2026-07-07_17-10-40;stack.go:2026-07-07_09-24-26
