2026-07-07_22-44-02,0,main.go:2026-07-07_22-44-02
2026-07-07_22-45-21,---,main.go:2026-07-07_22-44-02
2026-07-07_22-45-32,0,main.go:2026-07-07_22-44-02
2026-07-07_22-48-06,0,main.go:2026-07-07_22-48-06
2026-07-07_22-48-58,0,main.go:2026-07-07_22-48-58
2026-07-07_22-49-53,0,main.go:2026-07-07_22-49-53
2026-07-07_22-51-09,12,main.go:2026-07-07_22-51-09
2026-07-07_22-53-00,12,main.go:2026-07-07_22-51-09
2026-07-07_22-53-20,12,main.go:2026-07-07_22-51-09
2026-07-07_22-55-16,12,main.go:2026-07-07_22-51-09
2026-07-07_22-56-44,12,main.go:2026-07-07_22-56-44
2026-07-07_22-57-49,12,main.go:2026-07-07_22-56-44
2026-07-07_22-57-58,12,main.go:2026-07-07_22-56-44
2026-07-07_22-58-56,12,main.go:2026-07-07_22-58-56
2026-07-07_22-59-47,12,main.go:2026-07-07_22-59-47
2026-07-07_23-01-00,12,main.go:2026-07-07_23-01-00
2026-07-07_23-01-56,12,main.go:2026-07-07_23-01-56
2026-07-07_23-02-57,37,main.go:2026-07-07_23-02-57
2026-07-07_23-03-30,50,main.go:2026-07-07_23-03-30
2026-07-07_23-04-35,0,main.go:2026-07-07_23-04-35
2026-07-07_23-04-57,50,main.go:2026-07-07_23-04-57
2026-07-07_23-05-18,50,main.go:2026-07-07_23-04-57
2026-07-07_23-05-19,50,main.go:2026-07-07_23-04-57
2026-07-07_23-06-55,100,main.go:2026-07-07_23-06-55
2026-07-07_23-06-58,100,main.go:2026-07-07_23-06-55
